{"cameraMode":{"drawMode":0,"name":"Shaded","section":"Shading Mode"},"sceneLighting":true,"audioPlay":false,"sceneViewState":{"m_AlwaysRefresh":false,"showFog":true,"showSkybox":true,"showFlares":true,"showImageEffects":true,"showParticleSystems":true,"showVisualEffectGraphs":true,"m_FxEnabled":true},"in2DMode":false,"pivot":{"x":10.034577369689942,"y":-1.184560775756836,"z":-10.656221389770508},"rotation":{"x":0.006777534727007151,"y":0.9765253067016602,"z":-0.21305425465106965,"w":0.031065287068486215},"size":17.042537689208986,"orthographic":false}